{
    "matchup_1_wrapper": {
        "last_exam_score": 0.4645537126455435,
        "assignment_scores_avg": 0.34507417911559907,
        "concept_understanding_score": 0.19037210823885733
    },
    "matchup_1_filter": {
        "last_exam_score": 0.4645537126455435,
        "assignment_scores_avg": 0.34507417911559907,
        "concept_understanding_score": 0.19037210823885733
    },
    "matchup_2_embedded": {
        "last_exam_score": 0.444808842697897,
        "assignment_scores_avg": 0.27182988477542985,
        "concept_understanding_score": 0.1750577577769882,
        "ai_generated_content_percentage": 0.10830351474968497
    },
    "matchup_2_filter": {
        "last_exam_score": 0.444808842697897,
        "assignment_scores_avg": 0.27182988477542985,
        "concept_understanding_score": 0.1750577577769882,
        "ai_generated_content_percentage": 0.10830351474968497
    }
}