{
    "filter": {
        "last_exam_score": 0.4158676191049928,
        "assignment_scores_avg": 0.22620514271878964,
        "concept_understanding_score": 0.16730921784827957,
        "ai_generated_content_percentage": 0.07338698922792487,
        "social_media_hours": 0.04679413363759603,
        "ai_ethics_score": 0.032355120399865364,
        "Gemini_usage": 0.0138041584418321,
        "ai_usage_purpose_Exam Prep": 0.009482599952001921,
        "ai_usage_purpose_Doubt Solving": 0.00936310149697277,
        "Copilot_usage": 0.005431917171744819
    },
    "wrapper": {
        "last_exam_score": 0.38932712643683354,
        "assignment_scores_avg": 0.2135945669956549,
        "concept_understanding_score": 0.15708793446290015,
        "ai_generated_content_percentage": 0.0410404616488467,
        "ai_prompts_per_week": 0.03721710005034815,
        "improvement_rate": 0.03634601096714178,
        "ai_usage_time_minutes": 0.03402294982615694,
        "social_media_hours": 0.0331190105907821,
        "study_hours_per_day": 0.0321981530399772,
        "study_consistency_index": 0.026046685981358463
    },
    "embedded": {
        "last_exam_score": 0.3947882082432407,
        "assignment_scores_avg": 0.205152897427245,
        "concept_understanding_score": 0.1546522482799758,
        "ai_prompts_per_week": 0.04022553085161131,
        "ai_generated_content_percentage": 0.038531606988211196,
        "study_hours_per_day": 0.03662999871600675,
        "study_consistency_index": 0.036055039647274606,
        "social_media_hours": 0.03363018946208684,
        "improvement_rate": 0.03280569188971814,
        "tutoring_hours": 0.02752858849462957
    }
}