{
    "filter_vs_wrapper": 0.3333333333333333,
    "filter_vs_embedded": 0.3333333333333333,
    "wrapper_vs_embedded": 0.8181818181818182
}