{
    "filter": {
        "last_exam_score": 0.444316625163127,
        "assignment_scores_avg": 0.26515269544147074,
        "concept_understanding_score": 0.1743368557180864,
        "ai_generated_content_percentage": 0.10865252187174362,
        "Copilot_usage": 0.007541301805572244
    },
    "wrapper": {
        "last_exam_score": 0.4275505898134304,
        "assignment_scores_avg": 0.24709699260902954,
        "concept_understanding_score": 0.17077795175691607,
        "ai_generated_content_percentage": 0.08759652528052621,
        "ai_prompts_per_week": 0.06697794054009786
    },
    "embedded": {
        "last_exam_score": 0.42789567516347543,
        "assignment_scores_avg": 0.2452264288415039,
        "concept_understanding_score": 0.16967614233958359,
        "ai_generated_content_percentage": 0.08815517070714933,
        "ai_prompts_per_week": 0.06904658294828778
    }
}