{
    "filter_vs_wrapper": 0.6666666666666666,
    "filter_vs_embedded": 0.6666666666666666,
    "wrapper_vs_embedded": 1.0
}