{
    "filter": {
        "last_exam_score": 0.41125997801671244,
        "assignment_scores_avg": 0.21333729000344356,
        "concept_understanding_score": 0.1625751151140842,
        "ai_generated_content_percentage": 0.05103956220706941,
        "tutoring_hours": 0.04412727415100202,
        "social_media_hours": 0.03276592749928828,
        "age": 0.024806517408424444,
        "ai_ethics_score": 0.02176651646280305,
        "Gemini_usage": 0.011040887557998657,
        "uses_ai": 0.006787498362614812,
        "ai_usage_purpose_Exam Prep": 0.005801237605864711,
        "Claude_usage": 0.005772358959579038,
        "ai_usage_purpose_Doubt Solving": 0.0036269269120986643,
        "gender_Male": 0.0035402405255234044,
        "Copilot_usage": 0.0017526692134932716
    },
    "wrapper": {
        "last_exam_score": 0.3831890578156707,
        "assignment_scores_avg": 0.1985053334504648,
        "concept_understanding_score": 0.15334368560936984,
        "ai_prompts_per_week": 0.031351231681486215,
        "ai_generated_content_percentage": 0.030846619047445265,
        "study_consistency_index": 0.026728582561361958,
        "study_hours_per_day": 0.026393623191275195,
        "social_media_hours": 0.025710067451109653,
        "improvement_rate": 0.024259560917205037,
        "sleep_hours": 0.021585517413157226,
        "tutoring_hours": 0.020576393751458758,
        "ai_usage_time_minutes": 0.020067123079152406,
        "ai_dependency_score": 0.013789010427684078,
        "attendance_percentage": 0.011858375887429712,
        "class_participation_score": 0.011795817715729058
    },
    "embedded": {
        "last_exam_score": 0.3841546471168669,
        "assignment_scores_avg": 0.19599055211126798,
        "concept_understanding_score": 0.15415134846601478,
        "ai_prompts_per_week": 0.03512649392876682,
        "ai_generated_content_percentage": 0.03293951180897587,
        "improvement_rate": 0.029994967929464857,
        "social_media_hours": 0.029325998369184154,
        "study_hours_per_day": 0.023858386806538238,
        "ai_usage_time_minutes": 0.02270626132165614,
        "tutoring_hours": 0.02269694176695354,
        "study_consistency_index": 0.020407190976108224,
        "ai_dependency_score": 0.017976434537652776,
        "sleep_hours": 0.013868281313846135,
        "ai_ethics_score": 0.00963117005664159,
        "grade_level": 0.007171813490061869
    }
}