{
    "filter_vs_wrapper": 0.25,
    "filter_vs_embedded": 0.30434782608695654,
    "wrapper_vs_embedded": 0.7647058823529411
}