{
    "filter": {
        "last_exam_score": 0.4248199653028795,
        "assignment_scores_avg": 0.2395570762817029,
        "concept_understanding_score": 0.16919033076805112,
        "ai_generated_content_percentage": 0.08221800876113203,
        "social_media_hours": 0.06549633513255675,
        "ai_usage_purpose_Exam Prep": 0.010618394276538521,
        "Copilot_usage": 0.008099889477139213
    },
    "wrapper": {
        "last_exam_score": 0.40975526710489024,
        "assignment_scores_avg": 0.2193301422611006,
        "concept_understanding_score": 0.15577266078726779,
        "ai_generated_content_percentage": 0.05695424929180341,
        "ai_prompts_per_week": 0.05677620082368413,
        "social_media_hours": 0.05334961216260049,
        "improvement_rate": 0.0480618675686533
    },
    "embedded": {
        "last_exam_score": 0.41010541875740186,
        "assignment_scores_avg": 0.21160841364048497,
        "concept_understanding_score": 0.16659779472442582,
        "ai_generated_content_percentage": 0.0594132137410007,
        "improvement_rate": 0.058206584173400605,
        "ai_prompts_per_week": 0.05393681470740391,
        "tutoring_hours": 0.04013176025588223
    }
}