{
    "accuracy": 0.909375,
    "precision": 0.9443671766342142,
    "recall": 0.9543218552354181,
    "f1_score": 0.9493184201328206
}