{
    "accuracy": 0.894375,
    "precision": 0.9441696113074205,
    "recall": 0.9368863955119214,
    "f1_score": 0.9405139035550862
}