{
    "accuracy": 0.895,
    "precision": 0.9442090395480226,
    "recall": 0.9375876577840112,
    "f1_score": 0.9408866995073891
}