{
    "last_exam_score": 0.3863429043209861,
    "assignment_scores_avg": 0.19306994751094053,
    "concept_understanding_score": 0.1533436856093695,
    "ai_prompts_per_week": 0.03130015704501036,
    "ai_generated_content_percentage": 0.024721089454304734,
    "improvement_rate": 0.024432494346920307,
    "tutoring_hours": 0.023710144806945485,
    "study_hours_per_day": 0.02289686261003143,
    "social_media_hours": 0.022156922999892262,
    "study_consistency_index": 0.018079201332691842,
    "ai_dependency_score": 0.016233156697728943,
    "sleep_hours": 0.014579312864887095,
    "ai_usage_time_minutes": 0.010237322109898918,
    "ai_ethics_score": 0.00859839667769855,
    "grade_level": 0.006962482140280818,
    "ChatGPT_usage": 0.006838753301696159,
    "age": 0.005865959145903984,
    "ai_usage_purpose_Doubt Solving": 0.00569416768564518,
    "class_participation_score": 0.004482068294779572,
    "attendance_percentage": 0.004367893802746452,
    "ai_usage_purpose_Exam Prep": 0.004065576473854987,
    "ai_usage_purpose_Homework": 0.00405143458503261,
    "Gemini_usage": 0.00306866592412663,
    "Claude_usage": 0.0028995898845828095,
    "gender_Other": 0.0012069402718548226,
    "gender_Male": 0.00039833698257100725,
    "ai_usage_purpose_Notes": 0.00039653311961898645,
    "uses_ai": 0.0,
    "Copilot_usage": 0.0
}