{
    "filter": {
        "last_exam_score": 0.4645537126455435,
        "assignment_scores_avg": 0.34507417911559907,
        "concept_understanding_score": 0.19037210823885733
    },
    "wrapper": {
        "last_exam_score": 0.4645537126455435,
        "assignment_scores_avg": 0.34507417911559907,
        "concept_understanding_score": 0.19037210823885733
    },
    "embedded": {
        "last_exam_score": 0.46455371264554496,
        "assignment_scores_avg": 0.3450741791155926,
        "concept_understanding_score": 0.1903721082388624
    }
}